id,no,name,lat,lng,address,phone,hazards,capacity,notes,hidden
ep-1000000001,1,下田中学校（グラウンド）,34.6811274,138.9302639,静岡県下田市敷根765-1,0558-22-3443,"洪水,土砂,高潮,地震,津波,火災,内水,火山",10460人 （1㎡あたり1人）,,
ep-1000000002,2,旧下田幼稚園（グラウンド）,34.67700524,138.9414226,静岡県下田市１丁目17-2,0558-22-0363,"洪水,土砂,高潮,地震,津波,火災,内水,火山",2140人 （1㎡あたり1人）,,
ep-1000000003,3,下田小学校（グラウンド）,34.67212102,138.9398252,静岡県下田市５丁目3-1,0558-22-0055,"洪水,高潮,火災,内水,火山",3660人 （1㎡あたり1人）,,
ep-1000000004,4,稲生沢小学校（グラウンド）,34.69680411,138.9375455,静岡県下田市立野６-１,0558-22-0424,"洪水,高潮,地震,津波,火災,内水,火山",4040人 （1㎡あたり1人）,,
ep-1000000005,5,稲生沢公民館,34.6960257,138.938618,静岡県下田市立野191,0558-22-0519,"高潮,地震,津波,火災,内水,火山",120人 （3.3㎡あたり1人）,,
ep-1000000006,6,県立下田高校（スクールコート）,34.69786607,138.9347365,静岡県下田市蓮台寺152,0558-22-3164,"洪水,高潮,地震,津波,火災,内水,火山",1600人 （1㎡あたり1人）,,
ep-1000000007,7,上大沢集会所,34.69685387,138.9131474,静岡県下田市大沢127-1,,"洪水,土砂,高潮,地震,津波,火災,内水,火山",30人 （3.3㎡あたり1人）,,
ep-1000000008,8,下大沢共同集荷所,34.70305479,138.9098965,静岡県下田市大沢625,,"洪水,高潮,地震,津波,火災,内水,火山",20人 （3.3㎡あたり1人）,,
ep-1000000009,9,稲梓小学校（グラウンド）,34.72269707,138.9261331,静岡県下田市椎原224,0558-28-0004,"洪水,土砂,高潮,地震,津波,火災,内水,火山",3520人 （1㎡あたり1人）,,
ep-1000000010,10,旧稲梓中学校（グラウンド）,34.72377198,138.9317079,静岡県下田市箕作350,0558-28-0011,"洪水,高潮,地震,津波,火災,内水,火山",7400人 （1㎡あたり1人）,,
ep-1000000011,11,基幹集落センター,34.72396865,138.9278337,静岡県下田市椎原290-1,0558-28-1828,"洪水,土砂,高潮,地震,津波,火災,内水,火山",150人 （3.3㎡あたり1人）,,
ep-1000000012,12,落合集会所,34.72059299,138.9498321,静岡県下田市落合276,,"洪水,高潮,地震,津波,火災,内水,火山",20人 （3.3㎡あたり1人）,,
ep-1000000013,13,須原区集会所,34.74055173,138.9315404,静岡県下田市須原1325-4,,"洪水,土砂,高潮,地震,津波,火災,内水,火山",30人 （3.3㎡あたり1人）,,
ep-1000000014,14,あずさ山の家,34.74119767,138.9315515,静岡県下田市須原1322,0558-22-3914,"洪水,高潮,地震,津波,火災,内水,火山",260人 （3.3㎡あたり1人）,,
ep-1000000015,15,八木山集会所,34.75665159,138.9370011,静岡県下田市須原829,,"洪水,高潮,地震,津波,火災,内水,火山",20人 （3.3㎡あたり1人）,,
ep-1000000016,16,相玉公会堂,34.71839615,138.9171794,静岡県下田市相玉282-3,0558-28-0955,"洪水,高潮,地震,津波,火災,内水,火山",20人 （3.3㎡あたり1人）,,
ep-1000000017,17,北湯ヶ野区集会所,34.72564223,138.9132864,静岡県下田市北湯ヶ野332,,"洪水,高潮,地震,津波,火災,内水,火山",30人 （3.3㎡あたり1人）,,
ep-1000000018,18,朝日小学校（グラウンド）,34.660686,138.9197613,静岡県下田市吉佐美544,0558-22-0702,"洪水,土砂,高潮,火災,内水,火山",4860人 （1㎡あたり1人）,,
ep-1000000019,19,青少年海の家,34.64114217,138.9112377,静岡県下田市田牛217,0558-22-7753,"洪水,高潮,火災,内水,火山",150人 （3.3㎡あたり1人）,,
ep-1000000020,20,大賀茂小学校（グラウンド）,34.67641115,138.9045291,静岡県下田市大賀茂1429,0558-22-0704,"洪水,土砂,高潮,地震,津波,火災,内水,火山",1660人 （1㎡あたり1人）,,
ep-1000000021,21,朝日公民館,34.66333632,138.9176231,静岡県下田市吉佐美883-1,0558-22-0216,"洪水,高潮,火災,内水,火山",120人 （3.3㎡あたり1人）,,
ep-1000000022,22,浜崎小学校（グラウンド）,34.66834207,138.9638961,静岡県下田市須崎1785-1,0558-22-0441,"洪水,土砂,高潮,地震,津波,火災,内水,火山",2180人 （1㎡あたり1人）,,
ep-1000000023,23,旧下田東中学校（グラウンド）,34.67562428,138.9651252,静岡県下田市柿崎1106,0558-22-0868,"洪水,土砂,高潮,地震,津波,火災,内水,火山",4990人 （1㎡あたり1人）,,
ep-1000000024,24,荒川区下田臨海学園,34.67690128,138.9628905,静岡県下田市柿崎17-27,0558-22-0202,"洪水,土砂,高潮,地震,津波,火災,内水,火山",200人 （施設定員数）,,
ep-1000000025,25,元須崎保育所,34.65956417,138.967688,静岡県下田市須崎680-1,,"洪水,高潮,地震,津波,火災,内水,火山",110人 （3.3㎡あたり1人）,,
ep-1000000026,26,白浜小学校（グラウンド）,34.69985871,138.9714322,静岡県下田市白浜1324-1,0558-22-0860,"洪水,土砂,高潮,地震,津波,火災,内水,火山",3270人 （1㎡あたり1人）,,
ep-1000000027,27,板戸区集会所,34.70705594,138.9761646,静岡県下田市白浜532-1,,"洪水,高潮,地震,津波,火災,内水,火山",30人 （3.3㎡あたり1人）,,
ep-1000000028,28,下田市民文化会館,34.67558864,138.941921,静岡県下田市４丁目1-2,0558-23-5151,"洪水,土砂,高潮,火災,内水,火山",1160人 （3.3㎡あたり1人）,,
ep-1000000029,29,敷根公園,34.6819867,138.932055,静岡県下田市敷根757,0558-23-6333,"洪水,土砂,高潮,地震,津波,火災,内水,火山",710人 （3.3㎡あたり1人）,,
ep-1000000030,30,下田公園,34.67022466,138.9455178,静岡県下田市３丁目19-1,,"洪水,高潮,地震,津波,火災,内水,火山",2400人 （1㎡あたり1人）,,
ep-1000000031,31,長楽寺,34.67141157,138.9424453,静岡県下田市３丁目13-19,0558-22-0731,"洪水,高潮,地震,津波,火災,内水,火山",640人 （1㎡あたり1人）,,
ep-1000000032,32,天理教下田分教会,34.67353113,138.9365685,静岡県下田市６丁目6-16,0558-22-1754,"洪水,土砂,高潮,地震,津波,火災,内水,火山",60人 （1㎡あたり1人）,,
ep-1000000033,33,中村中央公園,34.68826292,138.9427179,静岡県下田市西中20,,"洪水,土砂,高潮,火災,内水,火山",3490人 （1㎡あたり1人）,,
ep-1000000034,34,立正佼成会,34.6895884,138.9452714,静岡県下田市東中9-8,0558-22-1172,"洪水,土砂,高潮,地震,津波,火災,内水,火山",800人 （1㎡あたり1人）,,
ep-1000000035,35,中村東公園,34.68801811,138.9464033,静岡県下田市東中14,,"洪水,土砂,高潮,地震,津波,火災,内水,火山",1580人 （1㎡あたり1人）,,
ep-1000000036,36,竹麻神社,34.69334349,138.9393789,静岡県下田市高馬10-13,,"洪水,高潮,地震,津波,火災,内水,火山",100人 （1㎡あたり1人）,,
ep-1000000037,37,諏訪神社（河内）,34.70012868,138.9423813,静岡県下田市河内850,,"洪水,高潮,地震,津波,火災,内水,火山",80人 （1㎡あたり1人）,,
ep-1000000038,38,重福院,34.70512578,138.9413744,静岡県下田市河内749,0558-22-5536,"洪水,土砂,高潮,地震,津波,火災,内水,火山",160人 （1㎡あたり1人）,,
ep-1000000039,39,向陽院,34.70332784,138.9386905,静岡県下田市河内289,0558-22-3707,"洪水,高潮,地震,津波,火災,内水,火山",200人 （1㎡あたり1人）,,
ep-1000000040,40,下田自動車学校,34.70613233,138.9405851,静岡県下田市河内741-2,0558-22-2308,"洪水,土砂,高潮,地震,津波,火災,内水,火山",800人 （1㎡あたり1人）,,
ep-1000000041,41,諏訪神社（横川）,34.71534638,138.9026619,静岡県下田市横川323,,"洪水,土砂,高潮,地震,津波,火災,内水,火山",150人 （1㎡あたり1人）,,
ep-1000000042,42,宝徳院,34.66084701,138.9140655,静岡県下田市吉佐美1667,0558-22-5659,"洪水,高潮,火災,内水,火山",400人 （1㎡あたり1人）,,
ep-1000000043,43,観音寺,34.65811952,138.9683166,静岡県下田市須崎615,0558-22-3187,"洪水,土砂,高潮,地震,津波,火災,内水,火山",240人 （1㎡あたり1人）,,
ep-1000000044,44,旭洞院,34.65679575,138.9653099,静岡県下田市須崎816,0558-22-5834,"洪水,高潮,地震,津波,火災,内水,火山",200人 （1㎡あたり1人）,,
ep-1000000045,45,禅福寺,34.70719228,138.9767362,静岡県下田市白浜351,0558-23-2421,"洪水,高潮,地震,津波,火災,内水,火山",120人 （1㎡あたり1人）,,
ep-1000000046,46,稲荷大明神（オヤマダ）,34.68563732,138.9421682,静岡県下田市西本郷３丁目293,,"洪水,地震,津波,内水",100人 （1㎡あたり1人）,,
ep-1000000047,47,下田合同庁舎,34.68483967,138.9443342,静岡県下田市西本郷２丁目5-33,,"洪水,高潮,地震,津波,内水",320人 （1㎡あたり1人）,,
ep-1000000048,48,旧下田幼稚園上避難地,34.67675158,138.9409801,静岡県下田市１丁目17-2,,"地震,津波",600人 （1㎡あたり1人）,,
ep-1000000049,49,春日山避難地,34.6712603,138.9400124,静岡県下田市５丁目1017,,"地震,津波",340人 （1㎡あたり1人）,,
ep-1000000050,50,梓の里,34.71952386,138.8760062,静岡県下田市加増野181-1,0558-28-1172,"洪水,土砂,高潮,地震,津波,火災,内水,火山",20人 （3.3㎡あたり1人）,,
ep-1000000051,51,子育て地蔵広場,34.69829369,138.9289979,静岡県下田市蓮台寺370-6,0558-22-2219,"洪水,土砂,高潮,地震,津波,火災,内水,火山",330人 （1㎡あたり1人）,,
ep-1000000052,52,伊豆新聞社ビル,34.68447735,138.9453625,静岡県下田市東本郷２丁目9-15,0558-22-2555,"地震,津波",100人 （1㎡あたり1人）,,
ep-1000000053,53,プレベール東本郷,34.68503189,138.9452409,静岡県下田市東本郷２丁目9-9,0558-36-4145,"地震,津波",204人 （1㎡あたり1人）,,
ep-1000000054,54,プレベール西中,34.6879881,138.9420774,静岡県下田市西中19-3,0558-36-4146,"地震,津波",169人 （1㎡あたり1人）,,
